variant	sample	allele	key	value
Insertion::11:14,863,274;len=1083	11	alt	count	428
Insertion::11:14,863,274;len=1083	11	amb	count	1277
Insertion::11:14,863,274;len=1083	11	ref	count	3
Insertion::11:14,863,274;len=1083	11	alt	reason_alignmentScore	428
Insertion::11:14,863,274;len=1083	11	amb	reason_alignmentScore_alignmentScore	393
Insertion::11:14,863,274;len=1083	11	amb	reason_multimapping	148
Insertion::11:14,863,274;len=1083	11	amb	reason_orientation_orientation	6
Insertion::11:14,863,274;len=1083	11	amb	reason_same_scores	730
Insertion::11:14,863,274;len=1083	11	ref	reason_alignmentScore	2
Insertion::11:14,863,274;len=1083	11	ref	reason_insertSizeScore	1
Insertion::11:14,863,274;len=1083	11	alt	alnScore_mean	398.210280374
Insertion::11:14,863,274;len=1083	11	alt	alnScore_std	4.96978599324
Insertion::11:14,863,274;len=1083	11	amb	alnScore_mean	342.68128426
Insertion::11:14,863,274;len=1083	11	amb	alnScore_std	70.5432842944
Insertion::11:14,863,274;len=1083	11	ref	alnScore_mean	400.0
Insertion::11:14,863,274;len=1083	11	ref	alnScore_std	0.0
Insertion::11:14,863,274;len=1083	11	alt	insertSize_mean	338.672897196
Insertion::11:14,863,274;len=1083	11	alt	insertSize_std	69.6698859175
Insertion::11:14,863,274;len=1083	11	amb	insertSize_mean	374.41660141
Insertion::11:14,863,274;len=1083	11	amb	insertSize_std	236.348017902
Insertion::11:14,863,274;len=1083	11	ref	insertSize_mean	283.666666667
Insertion::11:14,863,274;len=1083	11	ref	insertSize_std	56.7881051708
Insertion::11:96,665,830;len=711	11	alt	count	562
Insertion::11:96,665,830;len=711	11	amb	count	1358
Insertion::11:96,665,830;len=711	11	alt	reason_alignmentScore	562
Insertion::11:96,665,830;len=711	11	amb	reason_alignmentScore_alignmentScore	253
Insertion::11:96,665,830;len=711	11	amb	reason_multimapping	227
Insertion::11:96,665,830;len=711	11	amb	reason_orientation_orientation	3
Insertion::11:96,665,830;len=711	11	amb	reason_same_scores	875
Insertion::11:96,665,830;len=711	11	alt	alnScore_mean	396.492882562
Insertion::11:96,665,830;len=711	11	alt	alnScore_std	4.05620466904
Insertion::11:96,665,830;len=711	11	amb	alnScore_mean	347.711340206
Insertion::11:96,665,830;len=711	11	amb	alnScore_std	67.8469800292
Insertion::11:96,665,830;len=711	11	alt	insertSize_mean	338.153024911
Insertion::11:96,665,830;len=711	11	alt	insertSize_std	67.179989287
Insertion::11:96,665,830;len=711	11	amb	insertSize_mean	350.65832106
Insertion::11:96,665,830;len=711	11	amb	insertSize_std	199.98843019